{
    "apply_lambda": [[0.5, 0.5, 0.25, 0.75]],
    "apply_pil_filter": [[0.5, 0.5, 0.25, 0.75]],
    "blur": [[0.5, 0.5, 0.25, 0.75]],
    "brightness": [[0.5, 0.5, 0.25, 0.75]],
    "change_aspect_ratio": [[0.5, 0.5, 0.25, 0.75]],
    "clip_image_size": [[0.5, 0.5, 0.25, 0.75]],
    "color_jitter": [[0.5, 0.5, 0.25, 0.75]],
    "compose": [[0.5, 0.5, 0.25, 0.75]],
    "contrast": [[0.5, 0.5, 0.25, 0.75]],
    "convert_color": [[0.5, 0.5, 0.25, 0.75]],
    "crop": [[0.5, 0.5, 0.5, 1.0]],
    "encoding_quality": [[0.5, 0.5, 0.25, 0.75]],
    "grayscale": [[0.5, 0.5, 0.25, 0.75]],
    "hflip": [[0.5, 0.5, 0.25, 0.75]],
    "masked_composite": [[0.5, 0.5, 0.25, 0.75]],
    "meme_format": [[0.5, 0.5939849624060152, 0.25, 0.6090225563909775]],
    "opacity": [[0.5, 0.5, 0.25, 0.75]],
    "overlay_emoji": [[0.5, 0.5, 0.25, 0.75]],
    "overlay_image": [[0.5, 0.5, 0.25, 0.75]],
    "overlay_onto_background_image": [[0.65, 0.65, 0.125, 0.375]],
    "overlay_onto_screenshot": [
        [
            0.5020501138952164,
            0.465223786509771,
            0.21867881548974938,
            0.1702038243328431
        ]
    ],
    "overlay_stripes": [[0.5, 0.5, 0.25, 0.75]],
    "overlay_text": [[0.5, 0.5, 0.25, 0.75]],
    "pad": [[0.5, 0.5, 0.16666666666666669, 0.5]],
    "pad_square": [[0.5, 0.5, 0.25, 0.421875]],
    "perspective_transform": [[0.5, 0.5, 0.25, 0.75]],
    "pixelization": [[0.5, 0.5, 0.25, 0.75]],
    "random_noise": [[0.5, 0.5, 0.25, 0.75]],
    "RandomAspectRatio": [[0.5, 0.5, 0.25, 0.75]],
    "RandomBlur": [[0.5, 0.5, 0.25, 0.75]],
    "RandomBrightness": [[0.5, 0.5, 0.25, 0.75]],
    "RandomEmojiOverlay": [[0.5, 0.5, 0.25, 0.75]],
    "RandomPixelization": [[0.5, 0.5, 0.25, 0.75]],
    "RandomRotation": [[0.5004269854824936, 0.5, 0.6831767719897525, 1]],
    "resize": [[0.5, 0.5, 0.25, 0.75]],
    "rotate": [[0.5002748763056625, 0.5, 0.37053326003298515, 1]],
    "saturation": [[0.5, 0.5, 0.25, 0.75]],
    "scale": [[0.5, 0.5, 0.25, 0.75]],
    "sharpen": [[0.5, 0.5, 0.25, 0.75]],
    "shuffle_pixels": [[0.5, 0.5, 0.25, 0.75]],
    "vflip": [[0.5, 0.5, 0.25, 0.75]]
}
